method,scale,budget,order,tokens_k,accuracy
Global-only,4B,B1,0,1.0045382,50.300411731800004
EviViT,4B,M1,1,0.9020552000000001,56.35439434760001
Global-only,4B,B2,2,1.988136,54.9275656992
EviViT,4B,M2,3,1.8826898,60.111320083349995
Global-only,4B,B4,4,3.8272578,60.69028617905
EviViT,4B,M4,5,3.6162776,65.44756773245
Global-only,4B,B8,6,6.6513399,63.8941696742
EviViT,4B,M8,7,6.407240799999999,66.3889594876
Global-only,4B,B12,8,9.3175113,65.05921821785
EviViT,4B,M12,9,8.953466,67.45692065265
Global-only,4B,B16,10,11.5484079,65.1563055965
EviViT,4B,M16,11,11.1536742,69.30158084685
Global-only,4B,B20,12,13.3076601,65.5446551111
EviViT,4B,M20,13,12.748136,69.10740608955
Global-only,8B,B1,14,1.0045382,50.14436029075
EviViT,8B,M1,15,0.9110085,57.65465358615
Global-only,8B,B2,16,1.988136,57.46912011385
EviViT,8B,M2,17,1.8917465,64.6413866721
Global-only,8B,B4,18,3.8272578,62.834849794099995
EviViT,8B,M4,19,3.6226770999999998,68.8715498399
Global-only,8B,B8,20,6.6513399,65.84455853195
EviViT,8B,M8,21,6.4251459,72.2401260611
Global-only,8B,B12,22,9.3175113,67.68921872614999
EviViT,8B,M12,23,8.997824399999999,72.531388197
Global-only,8B,B16,24,11.5484079,67.68921872614999
EviViT,8B,M16,25,11.1913612,74.1818736339
Global-only,8B,B20,26,13.3076601,68.271742998
EviViT,8B,M20,27,12.8253796,74.3760483912
