model,model_order,benchmark,benchmark_order,delta,group
Qwen3-VL-4B,0,VP-E,0,3.546099290780141,foundation
Qwen3-VL-4B,0,VP-M,1,10.074626865671647,foundation
Qwen3-VL-4B,0,VP-H,2,6.60377358490566,foundation
Qwen3-VL-4B,0,V*,3,3.6649214659685896,foundation
Qwen3-VL-4B,0,HR-4K,4,3.375,foundation
Qwen3-VL-4B,0,HR-8K,5,4.375,foundation
Qwen3-VL-4B,0,Zoom,6,7.573964497041423,foundation
Qwen3-VL-8B,1,VP-E,0,2.1276595744680975,foundation
Qwen3-VL-8B,1,VP-M,1,11.194029850746269,foundation
Qwen3-VL-8B,1,VP-H,2,7.5471698113207495,foundation
Qwen3-VL-8B,1,V*,3,5.235602094240846,foundation
Qwen3-VL-8B,1,HR-4K,4,4.25,foundation
Qwen3-VL-8B,1,HR-8K,5,5.5,foundation
Qwen3-VL-8B,1,Zoom,6,6.745562130177511,foundation
Qwen3.5-4B,2,VP-E,0,7.092198581560282,foundation
Qwen3.5-4B,2,VP-M,1,8.955223880597018,foundation
Qwen3.5-4B,2,VP-H,2,10.377358490566039,foundation
Qwen3.5-4B,2,V*,3,6.282722513089013,foundation
Qwen3.5-4B,2,HR-4K,4,4.75,foundation
Qwen3.5-4B,2,HR-8K,5,4.875,foundation
Qwen3.5-4B,2,Zoom,6,9.46745562130178,foundation
Qwen3.5-9B,3,VP-E,0,0.7092198581560325,foundation
Qwen3.5-9B,3,VP-M,1,10.447761194029852,foundation
Qwen3.5-9B,3,VP-H,2,9.433962264150942,foundation
Qwen3.5-9B,3,V*,3,3.1413612565445135,foundation
Qwen3.5-9B,3,HR-4K,4,5.875,foundation
Qwen3.5-9B,3,HR-8K,5,7.75,foundation
Qwen3.5-9B,3,Zoom,6,6.035502958579883,foundation
ZwZ-4B,4,VP-E,0,-2.836879432624116,post-trained
ZwZ-4B,4,VP-M,1,4.850746268656714,post-trained
ZwZ-4B,4,VP-H,2,11.320754716981128,post-trained
ZwZ-4B,4,V*,3,1.0471204188481664,post-trained
ZwZ-4B,4,HR-4K,4,0.75,post-trained
ZwZ-4B,4,HR-8K,5,0.625,post-trained
ZwZ-4B,4,Zoom,6,2.4852071005917153,post-trained
ZwZ-8B,5,VP-E,0,7.801418439716301,post-trained
ZwZ-8B,5,VP-M,1,9.328358208955223,post-trained
ZwZ-8B,5,VP-H,2,16.037735849056602,post-trained
ZwZ-8B,5,V*,3,3.1413612565444993,post-trained
ZwZ-8B,5,HR-4K,4,0.625,post-trained
ZwZ-8B,5,HR-8K,5,1.625,post-trained
ZwZ-8B,5,Zoom,6,4.142011834319526,post-trained
Vero-Qwen3I-8B,6,VP-E,0,5.673758865248217,post-trained
Vero-Qwen3I-8B,6,VP-M,1,11.56716417910448,post-trained
Vero-Qwen3I-8B,6,VP-H,2,6.60377358490566,post-trained
Vero-Qwen3I-8B,6,V*,3,1.0471204188481664,post-trained
Vero-Qwen3I-8B,6,HR-4K,4,1.625,post-trained
Vero-Qwen3I-8B,6,HR-8K,5,6.375,post-trained
Vero-Qwen3I-8B,6,Zoom,6,8.757396449704146,post-trained
Vision-OPD-4B,7,VP-E,0,7.092198581560282,post-trained
Vision-OPD-4B,7,VP-M,1,2.611940298507463,post-trained
Vision-OPD-4B,7,VP-H,2,1.8867924528301927,post-trained
Vision-OPD-4B,7,V*,3,3.1413612565444993,post-trained
Vision-OPD-4B,7,HR-4K,4,1.625,post-trained
Vision-OPD-4B,7,HR-8K,5,4.0,post-trained
Vision-OPD-4B,7,Zoom,6,3.076923076923073,post-trained
Vision-OPD-9B,8,VP-E,0,-1.4184397163120508,post-trained
Vision-OPD-9B,8,VP-M,1,4.850746268656714,post-trained
Vision-OPD-9B,8,VP-H,2,7.547169811320757,post-trained
Vision-OPD-9B,8,V*,3,-3.1413612565444993,post-trained
Vision-OPD-9B,8,HR-4K,4,-0.25,post-trained
Vision-OPD-9B,8,HR-8K,5,4.0,post-trained
Vision-OPD-9B,8,Zoom,6,2.248520710059175,post-trained
