host,benchmark,base_accuracy_pct,evivit_accuracy_pct,gain_pp_from_displayed_cells
Qwen3-VL-4B,VP-E,60.28,63.83,+3.55
Qwen3-VL-4B,VP-M,40.30,50.37,+10.07
Qwen3-VL-4B,VP-H,41.51,48.11,+6.60
Qwen3-VL-4B,V*,84.29,87.96,+3.67
Qwen3-VL-4B,HR-4K,76.25,79.62,+3.37
Qwen3-VL-4B,HR-8K,73.38,77.75,+4.37
Qwen3-VL-4B,Zoom,45.80,53.37,+7.57
Qwen3-VL-8B,VP-E,67.38,69.50,+2.12
Qwen3-VL-8B,VP-M,42.16,53.36,+11.20
Qwen3-VL-8B,VP-H,44.34,51.89,+7.55
Qwen3-VL-8B,V*,85.86,91.10,+5.24
Qwen3-VL-8B,HR-4K,76.00,80.25,+4.25
Qwen3-VL-8B,HR-8K,72.75,78.25,+5.50
Qwen3-VL-8B,Zoom,43.91,50.65,+6.74
Qwen3.5-4B,VP-E,63.83,70.92,+7.09
Qwen3.5-4B,VP-M,44.40,53.36,+8.96
Qwen3.5-4B,VP-H,45.28,55.66,+10.38
Qwen3.5-4B,V*,81.68,87.96,+6.28
Qwen3.5-4B,HR-4K,79.00,83.75,+4.75
Qwen3.5-4B,HR-8K,76.38,81.25,+4.87
Qwen3.5-4B,Zoom,49.11,58.58,+9.47
Qwen3.5-9B,VP-E,65.96,66.67,+0.71
Qwen3.5-9B,VP-M,44.40,54.85,+10.45
Qwen3.5-9B,VP-H,42.45,51.89,+9.44
Qwen3.5-9B,V*,84.82,87.96,+3.14
Qwen3.5-9B,HR-4K,76.62,82.50,+5.88
Qwen3.5-9B,HR-8K,73.38,81.12,+7.74
Qwen3.5-9B,Zoom,51.01,57.04,+6.03
ZwZ-4B,VP-E,69.50,66.67,-2.83
ZwZ-4B,VP-M,47.76,52.61,+4.85
ZwZ-4B,VP-H,34.91,46.23,+11.32
ZwZ-4B,V*,90.05,91.10,+1.05
ZwZ-4B,HR-4K,78.12,78.88,+0.76
ZwZ-4B,HR-8K,76.62,77.25,+0.63
ZwZ-4B,Zoom,55.62,58.11,+2.49
ZwZ-8B,VP-E,71.63,79.43,+7.80
ZwZ-8B,VP-M,46.64,55.97,+9.33
ZwZ-8B,VP-H,46.23,62.26,+16.03
ZwZ-8B,V*,89.53,92.67,+3.14
ZwZ-8B,HR-4K,80.50,81.12,+0.62
ZwZ-8B,HR-8K,77.12,78.75,+1.63
ZwZ-8B,Zoom,55.98,60.12,+4.14
Vero-Qwen3I-8B,VP-E,66.67,72.34,+5.67
Vero-Qwen3I-8B,VP-M,43.66,55.22,+11.56
Vero-Qwen3I-8B,VP-H,54.72,61.32,+6.60
Vero-Qwen3I-8B,V*,86.39,87.43,+1.04
Vero-Qwen3I-8B,HR-4K,81.50,83.12,+1.62
Vero-Qwen3I-8B,HR-8K,77.50,83.88,+6.38
Vero-Qwen3I-8B,Zoom,46.27,55.03,+8.76
Vision-OPD-4B,VP-E,73.76,80.85,+7.09
Vision-OPD-4B,VP-M,49.63,52.24,+2.61
Vision-OPD-4B,VP-H,51.89,53.77,+1.88
Vision-OPD-4B,V*,86.39,89.53,+3.14
Vision-OPD-4B,HR-4K,81.00,82.62,+1.62
Vision-OPD-4B,HR-8K,76.75,80.75,+4.00
Vision-OPD-4B,Zoom,59.05,62.13,+3.08
Vision-OPD-9B,VP-E,74.47,73.05,-1.42
Vision-OPD-9B,VP-M,53.73,58.58,+4.85
Vision-OPD-9B,VP-H,47.17,54.72,+7.55
Vision-OPD-9B,V*,93.19,90.05,-3.14
Vision-OPD-9B,HR-4K,80.88,80.62,-0.26
Vision-OPD-9B,HR-8K,78.62,82.62,+4.00
Vision-OPD-9B,Zoom,63.79,66.04,+2.25
