host,budget_k,path,visual_tokens_k,ttft_median_s,ttft_p90_s,e2e_median_s,e2e_p90_s,peak_gib,accuracy_gain_pp
Qwen3-VL-4B,1,Global,1.00,0.206,0.218,0.557,0.619,8.62,
Qwen3-VL-4B,1,EviViT,0.90,0.384,0.403,0.738,0.804,8.66,6.05
Qwen3-VL-4B,4,Global,3.83,0.559,0.643,0.921,1.038,9.48,
Qwen3-VL-4B,4,EviViT,3.62,0.621,0.712,0.999,1.091,9.47,4.76
Qwen3-VL-4B,16,Global,11.55,0.541,0.637,0.902,1.021,9.97,
Qwen3-VL-4B,16,EviViT,11.15,0.643,0.739,1.082,1.192,9.96,4.15
Qwen3-VL-8B,1,Global,1.00,0.254,0.264,0.696,0.706,16.72,
Qwen3-VL-8B,1,EviViT,0.91,0.465,0.477,0.892,0.904,16.76,7.51
Qwen3-VL-8B,4,Global,3.83,0.742,0.887,1.087,1.231,17.66,
Qwen3-VL-8B,4,EviViT,3.62,0.759,0.853,1.105,1.200,17.71,6.04
Qwen3-VL-8B,16,Global,11.55,0.740,0.887,1.088,1.233,18.25,
Qwen3-VL-8B,16,EviViT,11.19,0.745,0.841,1.091,1.187,18.17,6.49
